Canoo,Competitors,Market Trends,Financial Performance
Electric Vehicle Manufacturing,,,
Large,,,
15%,,,
Focus on Sustainable Mobility,,,
"Tesla, Rivian, Lucid Motors",,,
,"{'Name': 'Tesla', 'Market Share': '30%', 'Products/Services': 'Electric Vehicles, Energy Storage', 'Pricing Strategies': 'Premium Pricing', 'Marketing Efforts': 'Strong Brand Presence, Innovative Marketing Campaigns'}",,
,"{'Name': 'Rivian', 'Market Share': '15%', 'Products/Services': 'Electric Trucks, Electric SUVs', 'Pricing Strategies': 'Competitive Pricing', 'Marketing Efforts': 'Focus on Adventure and Sustainability'}",,
,,Shift towards Electric Vehicles,
,,"Battery Technology, Autonomous Driving",
,,Increasing Competition in Electric Vehicle Market,
,,,$100 million
,,,10%
,,,15%
,,,"R&D, Marketing, Production"
